text,date
blacklivesmatt,nutshel,philandocastil,2016-07-10 05:29
believ,freedom,altonsterl,philandocastil,blacklivesmatt,2016-07-10 05:29
matter,note,overlook,chang,blacklivesmatt,2016-07-10 05:28
retweet,blacklivesmatt,complain,protest,inconveni,2016-07-10 05:27
call,blacklivesmatt,hate,group,loss,love,caus,damag,scapegoat,2016-07-10 05:27
couldnt,everyon,watch,httpsamptwimgcomveebfddadedf,2016-07-10 05:27
lot,march,citi,hall,blacklivesmatt,2016-07-10 05:26
stand,cop,husband,son,httpbitlyoszx,blacklivesmatt,2016-07-10 05:26
mind,blacklivesmatt,devalu,race,race,undervalu,2016-07-10 05:25
peac,step,lincoln,memori,dc,blacklivesmatt,philandocastil,2016-07-10 05:24
respons,work,blm,specif,messag,2016-07-10 05:24
supportlawenforc,alllivesmatt,browardsheriff,miamidadepd,2016-07-10 05:24
downtown,jersey,blacklivesmatt,2016-07-10 05:22
balconi,blacklivesmatt,protest,walk,biscayn,miami,2016-07-10 05:22
commun,bc,cop,shot,crimin,blacklivesmatt,2016-07-10 05:18
life,matter,life,matter,life,matter,life,matter,baltimor,2016-07-10 05:18
blacklivesmatt,2016-07-10 05:17
fuck,blacklivesmatt,2016-07-10 05:17
blacklivesmatt,2016-07-10 05:14
obama,version,brownshirt,2016-07-10 05:14
jersey,blacklivesmatt,2016-07-10 05:14
watch,blacklivesmatt,activist,dalla,protest,shoot,httpbitlyulmpa,2016-07-10 05:12
gather,brooklyn,bridg,blacklivesmatt,protest,silent,protest,atm,2016-07-10 05:11
street,harlemun,2016-07-10 05:09
blm,ralli,arbor,mi,blacklivesmatt,altonsterl,philandocastil,2016-07-10 05:06
blacklivesmatt,protest,indiana,state,capitol,build,indiana,juli,2016-07-10 05:05
blacklivesmatt,2016-07-10 05:05
stop,traffic,miami,rn,blacklivesmattermia,blacklivesmatt,2016-07-10 05:04
blacklivesmatt,bluelivesmatt,whitelivesmatt,minoritylivesmatt,point,alllivesmatt,prayforamerica,2016-07-10 05:03
washington,dc,march,blacklivesmatt,2016-07-10 05:03
calm,son,blacklivesmatt,march,ralli,httpfbmewyxpvt,2016-07-10 05:03
moment,winston,salem,ralli,blacklivesmatt,2016-07-10 05:03
enoughisenough,blacklivesmatt,2016-07-10 05:02
march,baton,roug,downtown,brotherjess,blacklivesmatt,2016-07-10 05:02
add,convers,blacklivesmatt,2016-07-10 05:00
sit,sit,solidar,goodtroubl,nonviolenceftw,blacklivesmatt,2016-07-10 05:00
blacklivesmatt,2016-07-10 05:00
minnesotalynx,player,warmup,shirt,support,game,vs,dalla,2016-07-10 04:59
periscop,blacklivesmatt,miami,protest,httpswwwpscptvwalauzqxndqxndjmwrsspwruxpcwflqsxtkspywjvnxwszhbgtvlwfsnqwkyajsfw,2016-07-10 04:59
ripalvabraziel,mistak,soda,breath,blacklivesmatt,2016-07-10 04:57
protest,block,sf,intersect,bay,bridg,onramp,blacklivesmatt,httpwwwktvucomnewsstori,2016-07-10 04:53
arrest,peac,blacklivesmatt,ralli,ny,httpbitlykwhuf,2016-07-10 04:52
indianapoli,blacklivesmatt,2016-07-10 04:51
peopl,support,blacklivesmatt,httpwapostxvn,2016-07-10 04:51
support,vehicl,block,protest,dt,mpl,philandocastil,blacklivesmatt,2016-07-10 04:49
peopl,support,blacklivesmatt,let,poc,2016-07-10 04:49
blacklivesmatt,banner,street,bridg,2016-07-10 04:49
domin,dorsey,time,asham,blacklivesmatt,2016-07-10 04:48
messag,blacklivesmatt,2016-07-10 04:47
wnba,minnesotalynx,use,voic,blacklivesmatt,2016-07-10 04:46
yall,problem,empath,help,blacklivesmatt,2016-07-10 04:46
report,protest,rochest,httpcnnmonieznkr,2016-07-10 04:46
blacklivesmatt,officialamiracl,2016-07-10 04:44
shut,tast,chicago,blacklivesmatt,2016-07-10 04:44
unit,indymarch,2016-07-10 04:43
grammat,construct,polic,blacklivesmatt,2016-07-10 04:41
blacklivesmatt,2016-07-10 04:39
commerci,appeal,page,see,staywok,blacklivesmatt,2016-07-10 04:36
blacklivesmatt,demonstr,wynwood,wall,miami,plan,march,shortli,2016-07-10 04:36
famili,blacklivesmatt,solidar,demo,today,grandma,2016-07-10 04:33
demand,ask,blacklivesmatt,2016-07-10 04:32
work,acknowledg,blacklivesmatt,2016-07-10 04:31
moment,silenc,blacklivesmatt,2016-07-10 04:30
everyon,support,blacklivesmatt,2016-07-10 04:30
bill,movement,hate,america,group,httpwwwtheblazecomstoriesbilloreillycallsblacklivesmatterahateamericagroup,2016-07-10 04:30
brixton,blacklivesmatt,2016-07-10 04:28
pass,blacklivesmatt,2016-07-10 04:28
innoc,blacklivesmatt,protest,london,th,juli,oxford,circu,2016-07-10 04:27
hundr,street,mpl,silenceisviol,philandocastil,blacklivesmatt,2016-07-10 04:26
hack,messag,leader,reveal,admin,plan,summer,law,httpwwwdcclotheslinecomhackedmessagesofblacklivesmatterleaderrevealobamaadminsplanforsummerofchaosandmartiallaw,2016-07-10 04:25
blacklivesmatt,2016-07-10 04:24
blacklivesmatt,tell,peopl,shut,blm,hate,group,2016-07-10 04:24
blacklivesmatt,2016-07-10 04:24
dc,blacklivesmatt,2016-07-10 04:23
blacklivesmatt,2016-07-10 04:20
argu,middleclass,guy,blacklivesmatt,antiwhit,im,2016-07-10 04:19
indi,head,join,blm,group,2016-07-10 04:19
grow,crowd,chant,car,honk,support,bei,street,bridg,2016-07-10 04:19
blacklivesmatt,brother,sister,let,2016-07-10 04:17
blacklivesmatt,blackliber,altonsterlingphilandocastilehttpsvinecovwvnqyzla,2016-07-10 04:17
protest,blacklivesmatt,altonsterl,2016-07-10 04:17
diein,altonsterl,2016-07-10 04:14
blacklivesmatt,protest,2016-07-10 04:14
licens,altonsterl,philandocastil,blacklivesmatt,cartoon,mt,2016-07-10 04:11
respons,alllivesmatt,let,togeth,2016-07-10 04:04
busi,atlanta,support,time,chang,blacklivesmatt,2016-07-10 04:04
end,day,christ,blacklivesmatt,2016-07-10 04:03
protest,way,columbu,blacklivesmatt,2016-07-10 04:01
march,freedom,blacklivesmatt,winstonsalem,nc,2016-07-10 04:00
leader,spread,messag,today,bei,grant,park,2016-07-10 03:59
protest,enter,tast,chicago,march,chant,blacklivesmatt,httptribinpaytu,2016-07-10 03:59
baltimor,penn,mlk,pm,blacklivesmatt,2016-07-10 03:58
larazaunida,blacklivesmatt,2016-07-10 03:57
blacklivesmatt,era,revis,freedom,thought,httpsmfacebookcomdannylglov,2016-07-10 03:57
california,stand,blacklivesmatt,2016-07-10 03:56
blacklivesmatt,wegonbealright,2016-07-10 03:53
solidar,blacklivesmatt,movement,brixton,bronx,2016-07-10 03:53
palin,blacklivesmatt,farc,httphillcmavgebj,2016-07-10 03:53
need,head,majorphilebr,blacklivesmatt,2016-07-10 03:49
hate,blacklivesmatt,movement,murder,experi,swift,merciless,cop,2016-07-10 03:48
thank,stand,blacklivesmatt,broadwayblack,2016-07-10 03:47
protest,enter,tasteofchicago,chant,blacklivesmatt,httpwwwchicagotribunecomnewslocalbreakingctchicagopoliceprotestsstoryhtml,2016-07-10 03:45
crowd,protest,doubl,activist,join,blacklivesmatt,2016-07-10 03:45
slur,law,prof,parrot,blacklivesmatt,narr,httpsoopermexicancomblacklawprofattackedbyblacksforrationallydiscussingaltonsterlingcaseoncnn,2016-07-10 03:45
support,movement,mix,especi,mean,2016-07-10 03:42
tweet,rn,blacklivesmatt,stop,2016-07-10 03:41
blacklivesmatt,protestor,help,sniper,2016-07-10 03:39
blacklivesmatt,protestmarch,head,market,street,francisco,right,2016-07-10 03:38
metroboomin,paus,blacklivesmatt,2016-07-10 03:37
stand,solidar,blacklivesmatt,weekend,la,httplaistcomblacklivesmatterprotestsinlaphp,2016-07-10 03:36
daughter,matter,silenceisviol,philandocastil,blacklivesmatt,2016-07-10 03:36
decid,voic,voiceless,wont,anymor,blacklivesmatt,blackgirlmag,2016-07-10 03:36
matter,muslim,blacklivesmatt,2016-07-10 03:35
strongli,believ,blacklivesmatt,2016-07-10 03:33
blacklivesmatt,2016-07-10 03:32
peopl,arent,racist,blacklivesmatt,blacklivesmatteruk,2016-07-10 03:31
sea,skill,proverb,africanhistori,blackhistori,blacklivesmatt,2016-07-10 03:31
repli,racist,troll,individu,brixton,blacklivesmatt,2016-07-10 03:29
rutroh,dalla,blacklivesmatt,2016-07-10 03:28
fyi,blacklivesmatt,movement,struggl,liber,exactli,interchangeable…,2016-07-10 03:25
blame,dylann,roof,attack,blacklivesmatt,pass,media,dalla,2016-07-10 03:23
protest,illeg,murder,jamielshaw,2016-07-10 03:23
twitter,power,fist,blacklivesmatt,hashtag,way,gloat,cop,jack,2016-07-10 03:23
blacklivesmatt,2016-07-10 03:23
phone,arianagrand,victoriamonet,hope,help,2016-07-10 03:22
pig,blanket,em,bacon,chant,blacklivesmatt,protest,minnesota,whiteprivlegemean,2016-07-10 03:21
day,2016-07-10 03:21
blacklivesmatt,antiour,peopl,kill,street,httpowlyzrjvfq,2016-07-10 03:20
hack,messag,leader,reveal,admin,plan,summer,law,httpwwwdcclotheslinecomhackedmessagesofblacklivesmatterleaderrevealobamaadminsplanforsummerofchaosandmartiallaw,2016-07-10 03:20
year,war,blacklivesmatt,2016-07-10 03:18
demplatform,room,chant,blacklivesmatt,benjeal,propos,reform,vision,justic,system,2016-07-10 03:16
everyth,blacklivesmatt,protest,london,especi,accent,2016-07-10 03:16
protest,thank,blacklivesmatt,ralli,lo,angel,2016-07-10 03:16
speak,gladli,blacklivesmatt,2016-07-10 03:14
blacklivesmatt,pass,unanim,2016-07-10 03:13
person,johnhawkinsrwn,mani,peopl,die,movement,httptownhallcomcolumnistsjohnhawkinshowmanypeoplehavetodiebecauseoftheblacklivesmattermovementnutmsourcethdailyutmmediumemailutmcampaignnlnewsletterad,2016-07-10 03:08
continu,peopl,color,blacklivesmatt,2016-07-10 03:07
stretch,nearli,block,sometim,chant,blacklivesmatt,2016-07-10 03:07
support,blacklivesmatt,principl,support,chapter,dont,support,matter,standup,organ,2016-07-10 03:07
pictur,night,march,shut,broadway,nashvil,2016-07-10 03:06
tip,protest,atlanta,yesterday,blacklivesmatt,2016-07-10 03:05
pictur,demonstr,solidar,blacklivesmatt,fortcollin,2016-07-10 03:04
today,rain,blacklivesmatt,2016-07-10 03:03
matter,protest,pittsburgh,pa,blacklivesmatt,march,saytheirnam,2016-07-10 03:03
trump,surrog,mistak,tension,racism,blacklivesmatt,2016-07-10 03:03
base,lie,httpsshareslzdyn,heathermacdona,truth,abt,2016-07-10 03:01
blacklivesmatt,myblackmatt,2016-07-10 03:00
peac,blacklivesmatt,sanfrancisco,2016-07-10 02:59
hand,dont,shoot,movement,ann,arbor,2016-07-10 02:59
dont,peopl,matter,dont,selfish,2016-07-10 02:57
import,blacklivesmatt,2016-07-10 02:57
blacklivesmatt,splashlyf,care,2016-07-10 02:56
racist,tweet,crap,tri,devalu,brixton,import,thing,2016-07-10 02:56
atl,way,thru,today,blacklivesmatt,2016-07-10 02:55
break,sniper,use,muslim,arab,httplnisgotnewscomftm,2016-07-10 02:54
teach,theyr,blacklivesmatt,children,2016-07-10 02:54
photo,ariana,instagram,betterday,blacklivesmatt,2016-07-10 02:53
way,fight,proverb,africanhistori,africa,blacklivesmatt,2016-07-10 02:53
blacklivesmatt,treat,els,2016-07-10 02:52
scene,blacklivesmatt,protest,chicago,altonsterl,2016-07-10 02:52
eye,pea,blacklivesmatt,2016-07-10 02:52
allliv,matter,blacklivesmatt,peopl,dialogu,reaction,2016-07-10 02:51
man,today,heart,proud,brummi,birmingham,america,blacklivesmatt,2016-07-10 02:50
respons,httpsshareslzkm,wordsfromwag,2016-07-10 02:49
shit,year,relev,today,blacklivesmatt,2016-07-10 02:49
london,blm,let,talk,2016-07-10 02:49
explain,impass,ignor,alllivesmatt,rebutt,folk,becom,exhaust,2016-07-10 02:49
marcher,hamner,call,peac,blacklivesmatt,ralli,2016-07-10 02:48
moment,silenc,hall,newark,nj,march,stand,2016-07-10 02:48
label,crimin,lone,wolvesbut,blame,everi,crime,commit,person,blacklivesmatt,2016-07-10 02:47
shut,blacklivesmatteruk,blacklivesmatt,2016-07-10 02:45
louder,peopl,blacklivesmatt,2016-07-10 02:45
hammer,limonit,2016-07-10 02:45
woke,import,topic,lot,commun,blacklivesmatt,2016-07-10 02:42
blacklivesmatt,london,juli,th,oxford,circu,london,2016-07-10 02:41
learn,blacklivesmatt,2016-07-10 02:39
blacklivesmatt,propolic,job,oath,anticop,2016-07-10 02:39
hashtag,day,murder,becom,norm,ripalvabraziel,blacklivesmatt,2016-07-10 02:38
blacklivesmatt,2016-07-10 02:38
today,part,blmbrum,blacklivesmatt,pray,chang,2016-07-10 02:38
word,call,alton,castil,blacklivesmatt,altonsterl,philandocastil,2016-07-10 02:38
blacklivesmatt,protest,ann,arbor,begin,diag,hand,dont,shoot,2016-07-10 02:38
brixton,peac,brixton,2016-07-10 02:35
differ,today,blacklivesmatt,2016-07-10 02:35
phoenix,az,blacklivesmatt,2016-07-10 02:35
blacklivesmatt,beach,protest,2016-07-10 02:32
govt,pay,dependentexactli,peopl,2016-07-10 02:31
rt,rt,harrisalexc,callandrespons,peac,blm,blacklivesmatt,miamiherald,2016-07-10 02:30
creat,remov,focu,blacklivesmatt,attempt,2016-07-10 02:30
blacklivesmatt,polit,theater,disgrac,countri,backtheblu,nra,2016-07-10 02:29
power,messag,blacklivesmatt,2016-07-10 02:27
googl,tweet,solidar,blacklivesmatt,2016-07-10 02:27
newark,citi,hall,blacklivesmatt,2016-07-10 02:27
ye,alllivesmatt,blacklivesmatt,agre,rest,love,part,2016-07-10 02:26
dalla,procop,believ,blacklivesmatt,httphufftoposx,2016-07-10 02:26
facebook,blacklivesmatt,sign,moment,silenc,2016-07-10 02:25
part,reason,stan,ariana,blacklivesmatt,2016-07-10 02:25
honestli,believ,mani,influenc,disgust,2016-07-10 02:24
kno,god,matter,fo,reason,blacklivesmatt,2016-07-10 02:23
victoria,monet,ariana,releas,song,event,blacklivesmatt,httpbitlyvuqxi,2016-07-10 02:23
ariana,peac,guard,blacklivesmatt,ralli,dalla,rest,peac,2016-07-10 02:23
cant,tell,soda,gun,offic,ripalvabraziel,blacklivesmatt,2016-07-10 02:22
rudi,giuliani,blacklivesmatt,2016-07-10 02:22
arianagrand,im,look,beauti,kind,peopl,care,everyon,betterday,blacklivesmatt,2016-07-10 02:21
hiphop,artist,blacklivesmatt,2016-07-10 02:20
arianagrand,proud,song,lit,ye,girl,blacklivesmatt,2016-07-10 02:20
arianagrand,victoriamonet,inspir,song,blacklivesmatt,2016-07-10 02:20
betterday,get,move,easili,realli,move,song,brim,emot,arianagrand,2016-07-10 02:20
blacklivesmatt,jazzmin,sta,shake,polic,hand,end,2016-07-10 02:20
rudi,giuliani,blacklivesmatt,2016-07-10 02:19
periscop,eastval,protest,blacklivesmatt,httpswwwpscptvwalajujfkdktpbwfsumfwgvmuurtwdcbphtljsqhzfmirlglenpmsktobwbdiwmvocyofipt,2016-07-10 02:19
girl,altonsterl,philandocastil,alvabraziel,blacklivesmatt,2016-07-10 02:19
look,blacklivesmatt,bei,bridg,2016-07-10 02:18
ariana,rest,peac,altonsterl,rest,peac,philandocastil,blacklivesmatt,2016-07-10 02:18
movement,cross,ocean,march,citi,london,httpbitlyurdb,2016-07-10 02:18
victoriamonet,releas,song,respons,blacklivesmatt,httpbitlyvuqxi,2016-07-10 02:18
woman,account,brutal,explain,import,blacklivesmatt,httpbitlypsmti,2016-07-10 02:16
everyon,blacklivesmatt,2016-07-10 02:16
part,curriculum,histori,taught,blacklivesmatt,2016-07-10 02:16
dalla,procop,believ,blacklivesmatt,httphufftouywc,2016-07-10 02:14
palin,blacklivesmatt,farc,httphillcmisprx,2016-07-10 02:13
dalla,procop,believ,blacklivesmatt,httphufftoenft,2016-07-10 02:12
peac,ralli,beverli,hill,blacklivesmatt,2016-07-10 02:11
cricket,micdrop,blacklivesmatt,2016-07-10 02:11
blacklivesmatt,palm,beach,2016-07-10 02:09
blacklivesmatt,blm,march,broward,counti,jail,httpbitlypoybutmmediumsocialutmsourcetwitterwplgloc,2016-07-10 02:08
blacklivesmatt,blacklivesfuckingmatt,thishashtagmatt,thishashtagfuckingmatt,loveoverh,pleas,2016-07-10 02:08
tnorman,exampl,tnorman,2016-07-10 02:07
blacklivesmatt,2016-07-10 02:07
doesnt,blacklivesmatt,2016-07-10 02:04
chicago,blacklivesmatt,2016-07-10 02:03
handsupdontshoot,peac,blacklivesmatt,ralli,today,hill,dept,peopl,httpfbmeatbjzvxc,2016-07-10 02:01
thing,night,blacklivesmatt,2016-07-10 02:00
breakdown,castingnetwork,blacklivesmatt,racism,2016-07-10 01:59
rt,photo,weekend,anyon,blacklivesmatt,nola…,2016-07-10 01:59
cd,blacklivesmatt,2016-07-10 01:58
edgeofsport,articl,athlet,support,blacklivesmatt,httpswwwthenationcomarticletimesathletesspokeoutinsupportofblacklivesmatterthisweek,2016-07-10 01:57
blacklivesmatt,florida,weheary,2016-07-10 01:57
activist,blacklivesmatt,ralli,eastval,peac,racist,polic,2016-07-10 01:54
facebook,solidar,blacklivesmatt,facebook,tech,workforc,2016-07-10 01:54
play,receipt,readi,blacklivesmatt,2016-07-10 01:53
blacklivesmatt,protest,front,point,bank,show,support,2016-07-10 01:53
blacklivesmatt,rassembl,alton,sterl,philandro,castil,pari,love,2016-07-10 01:53
photo,weekend,anyon,blacklivesmatt,2016-07-10 01:52
blacklivesmatt,2016-07-10 01:52
blacklivesmatt,brixton,road,line,stop,buse,endless,2016-07-10 01:52
hundr,street,fortlauderdal,2016-07-10 01:50
amongst,peopl,brixton,today,blacklivesmatt,2016-07-10 01:50
peac,recogn,weve,blacklivesmatt,2016-07-10 01:50
blacklivesmatt,peac,brixton,proud,hasnt,2016-07-10 01:49
part,march,brixton,today,unit,divid,2016-07-10 01:49
law,professor,fantast,respons,student,complaint,shirt,httpmimgurcomaykdvq,2016-07-10 01:48
today,refuel,tht,activatingthevis,blacklivesmatt,2016-07-10 01:47
life,mess,person,respons,life,snitch,2016-07-10 01:47
tragedi,violenc,celebr,mani,peopl,activ,blacklivesmatt,httpvoguecmgznodqu,2016-07-10 01:47
blacklivesmatt,2016-07-10 01:46
stori,kennedi,statement,httpadweekitogvjm,2016-07-10 01:45
protest,today,blacklivesmatt,2016-07-10 01:44
skin,blacklivesmatt,2016-07-10 01:44
blacklivesmatt,slay,birmingham,thank,2016-07-10 01:43
bu,post,support,blacklivesmatterjust,hope,baylor,support,movement,2016-07-10 01:43
ceo,caus,lol,2016-07-10 01:41
brixton,comment,solicitor,itn,blacklivesmatt,2016-07-10 01:41
peopl,gather,blacklivesmatt,ralli,limonit,2016-07-10 01:40
blacklivesmatt,2016-07-10 01:40
way,blacklivesmatt,2016-07-10 01:40
bluelivesmatt,asianlivesmatt,latinolivesmatt,blacklivesmatt,whitelivesmatt,2016-07-10 01:39
blacklivesmatt,protest,block,traffic,brixton,london,2016-07-10 01:37
scene,windrush,london,blacklivesmatt,protest,2016-07-10 01:37
hey,coloradoan,town,someon,blacklivesmatt,2016-07-10 01:36
lil,cousin,blacklivesmatt,2016-07-10 01:36
break,sniper,use,muslim,arab,httpbitlyjeedk,2016-07-10 01:32
voic,insid,head,blacklivesmatt,2016-07-10 01:29
indomit,capac,peopl,blacklivesmatt,2016-07-10 01:27
tanamongeau,babi,blacklivesmatt,2016-07-10 01:27
blacklivesmatt,beach,citi,place,2016-07-10 01:27
donaldtrump,support,ralli,sponsor,blacklivesmatt,httpwwwtheamericanmirrorcomagitatorshurlrocksphoenixpolicechantshoot,2016-07-10 01:26
mfj,brixton,demo,yarlswood,2016-07-10 01:26
blacklivesmatt,spend,saturday,2016-07-10 01:24
love,everyon,walk,phoenix,night,blacklivesmatt,2016-07-10 01:23
violenc,blacklivesmatt,2016-07-10 01:21
mistak,soda,gun,shoot,someon,time,ripalvabraziel,blacklivesmatt,2016-07-10 01:20
today,antonio,blacklivesmatt,2016-07-10 01:19
stand,malcolm,chicago,blacklivesmatt,2016-07-10 01:17
march,downtown,winstonsalem,right,2016-07-10 01:13
want,blmcolumbu,blacklivesmatt,2016-07-10 01:13
sobr,blacklivesmatt,2016-07-10 01:10
roadwaytodeath,omahanebraska,blacklivesmatt,2016-07-10 01:10
pt,blacklivesmatt,2016-07-10 01:09
photo,blacklivesmatt,2016-07-10 01:09
macon,columbu,blacklivesmatt,2016-07-10 01:08
support,peac,cnn,sallykohn,2016-07-10 01:07
sniper,use,muslim,arab,httpgotnewscombreakingblacklivesmatterterroristsniperusedbuildingsownedmuslimarabskilldallaspoliceshoot,2016-07-10 01:05
video,blacklivesmatt,protest,gay,2016-07-10 01:05
march,winston,2016-07-10 01:03
rebscrog,peopl,call,econom,blacklivesmatt,brixton,2016-07-10 01:03
geek,write,pokemongo,affect,race,httpwwwthemarysuecompokemongoexperienceaffectedbyrac,blacklivesmatt,2016-07-10 01:02
blacklivesmatt,2016-07-10 01:01
parent,adopt,support,blacklivesmatt,2016-07-10 01:01
blacklivesmatt,march,absolut,success,amaz,watch,commun,togeth,2016-07-10 01:00
woman,lie,death,clt,blacklivesmatt,2016-07-10 00:57
peopl,march,part,blacklivesmatt,peac,intent,caus,troubl,pl,2016-07-10 00:56
name,blacklivesmatt,2016-07-10 00:56
break,sniper,use,muslim,arab,httpgotnewscombreakingblacklivesmatterterroristsniperusedbuildingsownedmuslimarabskilldallaspoliceshoot,2016-07-10 00:55
recap,blacklivesmatt,blm,atlisreadi,atlantaprotest,pleas,2016-07-10 00:55
alllivesmatt,blacklivesmatt,2016-07-10 00:54
today,children,shout,life,matter,today,blacklivesmatt,blacklivesmatteruk,2016-07-10 00:54
video,yesterday,watch,httpsyoutubeljnrisoaelistplcvvpuulzfalhsxvvdegxwzgv,blacklivesmatt,2016-07-10 00:50
time,someon,caus,war,cop,rememb,2016-07-10 00:50
malcolm,malcolmx,truth,blacklivesmatt,2016-07-10 00:49
hundr,peopl,particip,blacklivesmatt,protest,downtown,afternoon,httpcbslocaldwpk,2016-07-10 00:49
mayb,help,concept,rp,michaelsmith,httpswwwinstagramcompbhpvwwafmt,2016-07-10 00:48
group,newark,blacklivesmatt,2016-07-10 00:47
dont,engag,media,heart,blacklivesmatt,2016-07-10 00:47
endur,endless,baseless,charg,racism,racist,kill,2016-07-10 00:47
winston,salem,start,prayer,peac,2016-07-10 00:46
alicia,garza,griev,dalla,account,httpowlyuhfpoka,2016-07-10 00:45
blacklivesmatt,2016-07-10 00:45
blacklivesmatt,werent,abl,power,2016-07-10 00:42
blacklivesmatt,sacramento,protest,front,sheriff,scott,jone,hq,today,2016-07-10 00:42
bawl,theyr,blacklivesmatt,redwineeee,thenewshawk,2016-07-10 00:40
dont,blame,cop,killingsbut,rhetor,side,inflam,psycho,gunsw,hate,2016-07-10 00:40
blacklivesmatt,2016-07-10 00:38
blmpari,beauti,mourn,silenc,blacklivesmatt,2016-07-10 00:37
blacklivesmatt,thug,attack,trump,support,phoenix,az,httpwwwdailymailcouknewsarticlepoliceofficersalertnationwidewakedallasshootinghtml,2016-07-10 00:37
crissl,chernobiko,call,intersect,convo,blacklivesmatt,2016-07-10 00:37
blacklivesmatt,2016-07-10 00:35
heatstreet,argu,tone,blacklivesmatt,httpbufflyxetkr,2016-07-10 00:34
blacklivesmatt,2016-07-10 00:34
comment,serena,william,washingtonpost,blacklivesmatt,2016-07-10 00:33
protest,start,market,blacklivesmatt,2016-07-10 00:33
simplifi,feel,blacklivesmatt,2016-07-10 00:33
someon,dont,amount,folk,help,2016-07-10 00:32
protest,grow,bean,blacklivesmatt,2016-07-10 00:32
blacklivesmatt,demo,brixton,today,street,block,2016-07-10 00:31
blacklivesmatt,protest,cardiff,rt,share,spread,2016-07-10 00:30
dozen,protest,millennium,park,blacklivesmatt,2016-07-10 00:29
palin,blacklivesmatt,farc,httphillcmckgegp,2016-07-10 00:29
blacklivesmatt,2016-07-10 00:25
brixton,standstil,march,decid,block,traffic,sorri,travel,2016-07-10 00:25
matterit,ppl,dont,matter,2016-07-10 00:24
pleas,share,blacklivesmatt,2016-07-10 00:24
cop,use,target,blacklivesmatt,2016-07-10 00:22
im,keep,httpswwwinstagramcompbhprpvdoji,2016-07-10 00:18
brother,sister,oversea,birmingham,love,stay,blacklivesmatt,2016-07-10 00:17
hate,blacklivesmatt,2016-07-10 00:15
twitter,sengag,et,po,serré,au,hashtag,blacklivesmatt,2016-07-10 00:15
kim,kardashain,hashtag,toofabhttptmzmembisn,2016-07-10 00:15
blacklivesmatt,2016-07-10 00:13
cnn,reason,palin,comment,blacklivesmatt,httpwwwcnncompoliticssarahpalinblacklivesmatterindexhtml,2016-07-10 00:13
blacklivesmatt,philandocastil,photo,dylangreenlaw,2016-07-10 00:12
mollymacauley,stab,death,blacklivesmatt,assault,media,2016-07-10 00:11
protest,brixton,road,peopl,unit,blacklivesmatt,2016-07-10 00:10
ill,cnn,tomorrow,morn,2016-07-10 00:10
memphi,post,night,blacklivesmatt,2016-07-10 00:10
serena,william,recit,maya,angel,httpwwwtheiestillirisespinetinglingserenawilliamsjul,2016-07-10 00:10
obama,racistdivis,demand,birth,email,wmonkey,picsfli,rebel,flag,racistgop,blacklivesmatt,2016-07-10 00:10
thing,advoc,today,lawblackl,blacklivesmatt,2016-07-10 00:09
blacklivesmatt,cofound,griev,dalla,account,httphufftopbi,2016-07-10 00:09
blacklivesmatt,serena,air,rise,maya,2016-07-10 00:09
blacklivesmatt,agit,group,shift,bridg,tear,foxnewshttpswwwyoutubecomwatchvlqedohaekfeatureyoutub,2016-07-10 00:09
pictur,worth,word,blacklivesmatt,famu,2016-07-10 00:07
bill,respect,blacklivesmatt,none,racist,viewer,httpbitlytvpgm,2016-07-10 00:06
call,help,murder,blacklivesmatt,2016-07-10 00:06
solidar,blacklivesmatt,movement,undocublack,brother,sister,2016-07-10 00:05
win,today,william,proudli,power,hand,signal,blacklivesmatt,2016-07-10 00:05
nonpeaceful≠viol,stop,traffic,protest,intent,harm,blacklivesmatt,advoc,violenc,2016-07-10 00:04
alli,blacklivesmatt,2016-07-10 00:03
video,blacklivesmatt,protest,march,2016-07-10 00:02
ye,tshirt,hand,birth,blacklivesmatt,2016-07-10 00:02
day,hashtag,im,ripalvabraziel,blacklivesmatt,2016-07-09 23:59
meanwhil,blacklivesmatt,2016-07-09 23:57
brixton,care,blacklivesmatt,2016-07-09 23:57
interest,orlando,blacklivesmatt,2016-07-09 23:56
trend,2016-07-09 23:54
posit,peopl,unit,blacklivesmatt,solidarityispow,2016-07-09 23:54
mt,thetxembassi,deneenborelli,movement,phoney,danger,bluelivesmatt,pjnet,2016-07-09 23:54
poem,involuntari,video,facebook,kondwani,fidel,blacklivesmatt,2016-07-09 23:52
man,bring,knowledg,sir,blacklivesmatt,2016-07-09 23:52
video,blacklivesmatt,2016-07-09 23:50
power,photo,week,york,citi,httpwwwthefadercomphotosnewyorkmarchblacklivesmatt,2016-07-09 23:50
peopl,complain,racism,blacklivesmatt,2016-07-09 23:48
word,wisdom,blacklivesmatt,dallaspoliceshoot,2016-07-09 23:48
ceo,use,voic,happi,blacklivesmatt,2016-07-09 23:48
photoshoot,dm,interest,info,2016-07-09 23:47
dont,realli,care,blacklivesmatt,2016-07-09 23:47
blacklivesmatt,isnt,statement,remind,matter,juli,2016-07-09 23:46
blacklivesmatt,spread,brixton,hill,prevent,traffic,2016-07-09 23:46
tri,show,treat,protest,blacklivesmatt,peac,2016-07-09 23:45
blacklivesmatt,repost,pin,tweet,2016-07-09 23:45
auntiesunclesblack,activist,2016-07-09 23:44
today,street,brixton,blacklivesmatt,2016-07-09 23:44
lay,brother,sister,cant,get,blacklivesmatt,2016-07-09 23:44
none,murder,polic,justifi,none,famili,receiv,blacklivesmatt,2016-07-09 23:44
organ,blm,area,pleas,retweet,follow,2016-07-09 23:41
plea,truth,brixton,blacklivesmatt,2016-07-09 23:38
blacklivesmatt,issu,someon,matter,2016-07-09 23:37
peac,protest,dudley,squar,blacklivesmatt,bei,mbta,dudley,squar,station,2016-07-09 23:37
brixton,show,public,blacklivesmatt,2016-07-09 23:35
time,hashtag,blacklivesmatt,alllivesmatt,wematt,imatt,lackofworri,2016-07-09 23:34
march,downtown,sa,afternoon,2016-07-09 23:31
docil,humbl,kind,day,mind,blacklivesmatt,httpowllitsjiev,2016-07-09 23:30
gon,peoplesconvent,blacklivesmatt,2016-07-09 23:30
carmelo,anthoni,blacklivesmatt,stanc,step,httpowlyvmdt,2016-07-09 23:30
aliyahhasinah,organis,blmbrum,peopl,blacklivesmatt,2016-07-09 23:30
blacklivesmatt,fight,continu,lose,brother,sister,2016-07-09 23:30
cant,breath,hand,blacklivesmatt,2016-07-09 23:29
twitter,emoji,dalla,bluelivesmatt,httptammybrucecomtwitteraddsblacklivesmatterfistemojiafterdallasbutnothingforbluelivesmatterhtml,2016-07-09 23:28
multiraci,satx,crowd,chant,blacklivesmatt,gather,2016-07-09 23:27
blacklivesmatt,slogan,death,cop,protect,speech,call,peaceabl,assembly。,tcot,2016-07-09 23:27
peopl,call,econom,blacklivesmatt,2016-07-09 23:26
potu,hasnt,offic,kill,dalla,howev,invit,killer,blacklivesmatt,wh,2016-07-09 23:24
hundr,march,day,protest,httpbbcinpfiaa,2016-07-09 23:24
blacklivesmatt,2016-07-09 23:24
blacklivesmatt,gore,island,2016-07-09 23:23
blacklivesmatt,2016-07-09 23:23
orisha,venuswilliam,serenawilliam,blackgirlmag,blackexcel,blacklivesmatt,2016-07-09 23:20
stand,besid,yall,blacklivesmatt,2016-07-09 23:17
yoooo,thank,get,blacklivesmatt,2016-07-09 23:15
blacklivesmatt,war,happi,holiday,waronchristma,2016-07-09 23:15
blacklivesmatt,chicago,mani,peopl,2016-07-09 23:15
life,matter,sister,matter,matter,blacklivesmatt,2016-07-09 23:15
2016-07-09 23:14
fight,auster,fight,racism,blacklivesmatt,2016-07-09 23:11
blacklivesmatt,peopl,blm,dallaspoliceshoot,2016-07-09 23:11
obama,blacklivesmatt,enabl,kill,take,gun,2016-07-09 23:09
palin,blacklivesmatt,farc,httphillcmbvbal,2016-07-09 23:08
potu,press,confer,dalla,blacklivesmatt,2016-07-09 23:07
state,trevornoah,alllivesmatt,2016-07-09 23:07
support,cop,killer,terrorist,blacklivesmatt,2016-07-09 23:06
blacklivesmatt,columbu,2016-07-09 23:05
beauti,blacklivesmatt,2016-07-09 23:05
day,spread,2016-07-09 23:05
brixton,racist,street,2016-07-09 23:05
word,associ,blacklivesmatt,2016-07-09 23:02
photo,blackfriday,protest,detroit,mi,citi,forev,2016-07-09 23:01
spray,paint,school,rock,predomin,commun,blacklivesmatt,2016-07-09 22:56
pretti,problem,gingrich,problem,right,blacklivesmatt,2016-07-09 22:54
windrush,squar,brixton,blacklivesmatt,2016-07-09 22:54
line,blacklivesmatt,2016-07-09 22:53
matter,2016-07-09 22:53
march,london,blacklivesmatt,men,hour,httpsamptwimgcomvbbfaabcbebbdccd,2016-07-09 22:51
sit,road,block,brixton,blacklivesmatt,2016-07-09 22:51
matter,end,racism,blackliv,dalla,blacklivesmatt,2016-07-09 22:50
blacklivesmatt,httpswwwyoutubecomwatchvwtvetynfmk,2016-07-09 22:50
brixton,shut,blacklivesmatt,2016-07-09 22:50
carmelo,anthoni,blacklivesmatt,stanc,step,photo,httpbitlyyqia,2016-07-09 22:50
look,atlanta,yesterday,citi,blacklivesmatt,2016-07-09 22:48
httpswwwyoutubecomwatchvdfothtkfeaturegpnygooglecommentidzdytcaaxiltjkkvlvhlmvcehb,blacklivesmatt,heat,import,video,spread,love,2016-07-09 22:47
columbu,blacklivesmatt,2016-07-09 22:47
watch,angiemartinez,marclamonthil,discuss,httpbitlynuew,2016-07-09 22:47
mama,brother,march,yesterday,couldv,blacklivesmatt,2016-07-09 22:46
feed,racism,warsaw,blacklivesmatt,alllivesmatt,2016-07-09 22:45
brixton,blacklivesmatt,messag,world,2016-07-09 22:45
facebook,project,offic,httponvibecomkfux,2016-07-09 22:45
blacklivesmatt,cofound,griev,dalla,account,httphufftocthzv,2016-07-09 22:45
walk,solidar,heart,2016-07-09 22:44
blacklivesmatt,2016-07-09 22:44
crazi,cnn,video,admittedli,strang,case,cop,blacklivesmatt,togeth,2016-07-09 22:43
today,children,philando,slain,dalla,blacklivesmatt,2016-07-09 22:42
blmto,janayakhan,quotabl,wisdom,twitter,format,httpbitlyuxnzb,macleansmag,blacklivesmatt,2016-07-09 22:42
wan,na,realli,care,2016-07-09 22:40
blacklivesmatt,terror,product,reform,httpwwwbreitbartcomvideooreillyblacklivesmatteressentiallyahateamericagroup,2016-07-09 22:40
mood,blacklivesmatt,2016-07-09 22:40
movement,london,httpsamptwimgcomvfcfcdedcffeaa,2016-07-09 22:40
blacklivesmatt,2016-07-09 22:40
man,revers,racism,dalla,demplatform,maga,2016-07-09 22:37
togeth,regardless,differ,blacklivesmatt,2016-07-09 22:36
student,leader,famu,fist,solidar,blacklivesmatt,rattlern,2016-07-09 22:35
southsudan,word,cnn,blmnation,blacklivesmatt,africa,httpwwwaljazeeracomnewssouthsudanscoresdeadindependenceanniversaryhtml,2016-07-09 22:34
blacklivesmatt,essenti,hate,america,group,httpwwwbreitbartcomvideooreillyblacklivesmatteressentiallyahateamericagroup,2016-07-09 22:33
state,rais,fist,solidar,blacklivesmatt,2016-07-09 22:33
interest,govern,blacklivesmatt,movement,2016-07-09 22:32
cop,whitelivesmatt,bluelivesmatt,blacklivesmatt,2016-07-09 22:32
cours,matter,blacklivesmatt,doesnt,denounc,2016-07-09 22:31
birmingham,blacklivesmatt,2016-07-09 22:31
support,blacklivesmatt,2016-07-09 22:31
differ,hbcu,mission,blacklivesmatt,ncat,famu,hu,howardu,hamptonu,2016-07-09 22:28
blacklivesmatt,2016-07-09 22:26
comedi,rap,blacklivesmatt,2016-07-09 22:25
togeth,reckon,retweet,blacklivesmatt,2016-07-09 22:24
blacklivesmatt,2016-07-09 22:24
tip,blacklivesmatt,vener,crimin,point,gun,peopl,isnt,win,america,alvabraziel,2016-07-09 22:23
palin,blacklivesmatt,farc,httphillcmvlqqnl,2016-07-09 22:23
blacklivesmatt,2016-07-09 22:22
need,shoot,blacklivesmatt,httpsrtdrtcomfilmsonceuponacrim,2016-07-09 22:22
blacklivesmatt,poster,child,thug,point,gun,cop,price,discredit,2016-07-09 22:21
gun,juli,th,pleas,himhttpswwwgofundmecomctmjybcrcidfbefebcea,blacklivesmatt,2016-07-09 22:21
gorilla,life,blacklivesmatt,2016-07-09 22:19
brixton,blacklivesmatt,2016-07-09 22:18
blacklivesmatt,2016-07-09 22:17
blacklivesmatt,2016-07-09 22:13
cant,spell,blacklivesmatt,claim,love,peopl,transgend,peopl,2016-07-09 22:10
love,citi,dont,httpswwwinstagramcompbhpdtyldqyx,2016-07-09 22:10
dem,support,blacklivesmatt,httppewrsrchqthb,2016-07-09 22:10
sheriff,clark,obama,didnt,caus,dalla,shoot,fuel,anger,nuthinbuttruth,blacklivesmatt,blm,httpgooglpkwqt,2016-07-09 22:09
blacklivesmatt,2016-07-09 22:05
shut,brixton,blacklivesmatt,2016-07-09 22:04
differ,law,enforc,blacklivesmatt,protestor,institut,power,2016-07-09 22:04
malcolm,attack,charg,assault,blacklivesmatt,2016-07-09 22:02
stop,2016-07-09 22:02
kill,peopl,blacklivesmatt,2016-07-09 22:02
conserv,week,dallaspoliceshoot,blacklivesmatt,philandrocastil,2016-07-09 22:01
blacklivesmatt,2016-07-09 22:01
weekend,facebook,employe,blacklivesmatt,memo,httpbitlyqhlzxl,2016-07-09 22:00
blacklivesmatt,pain,line,postdalla,httponmashtouqssz,2016-07-09 21:59
flint,wasnt,water,blacklivesmatt,brutal,understand,2016-07-09 21:58
innoc,blacklivesmatt,2016-07-09 21:58
beauti,women,chain,blacklivesmatt,2016-07-09 21:55
blacklivesmatt,reach,brixton,station,home,seri,histor,death,polic,custodi,2016-07-09 21:55
alvabraziel,death,time,night,houston,polic,blacklivesmatt,2016-07-09 21:53
lawyer,hand,blacklivesmatt,protest,nashvil,httpusatlyeczzi,2016-07-09 21:50
baton,unit,proclaim,post,brexit,london,voic,blacklivesmatt,2016-07-09 21:48
point,debat,blacklivesmatt,fact,arent,indict,guilti,peopl,2016-07-09 21:48
stand,solidar,blacklivesmatt,weekend,la,httplaistcomblacklivesmatterprotestsinlaphp,2016-07-09 21:45
point,appar,folk,isnt,obviou,blacklivesmatt,2016-07-09 21:45
need,dalla,blacklivesmatt,policelivesmatt,2016-07-09 21:44
discuss,death,peopl,youth,blacklivesmatt,talktothemhttpwwwnbcnewscomnewsnbcblkeditorialhowdiscusswrongfuldeathsblackpeopleouryouthn,2016-07-09 21:43
blacklivesmatt,blm,racism,anyon,gang,truce,atlanta,2016-07-09 21:42
internet,blacklivesmatt,2016-07-09 21:40
react,group。,tcot,ccot,teaparti,sgp,2016-07-09 21:39
brixton,halt,blacklivesmatt,demo,2016-07-09 21:39
matter,berni,blacklivesmatt,2016-07-09 21:37
today,turn,blacklivesmatt,2016-07-09 21:36
support,terrorist,group,blacklivesmatt,clearanc,ie,hillari,becom,potus。,tcot,ccot,sgp,2016-07-09 21:35
scene,brixton,protest,blacklivesmatt,uk,2016-07-09 21:34
weve,chang,dontshoot,blacklivesmatt,2016-07-09 21:34
truth,base,data,fals,media,2016-07-09 21:34
soooooooth,kkk,interview,yall,blacklivesmatt,quiet,2016-07-09 21:32
ferguson,catalyz,movement,use,blacklivesmatt,hashtag,media,2016-07-09 21:31
end,day,blacklivesmatt,2016-07-09 21:31
horribl,event,donat,microinteract,royalti,blacklivesmatt,chariti,httpamzntowffxa,2016-07-09 21:30
structur,today,power,blacklivesmatt,2016-07-09 21:29
liverpool,blmliverpool,httpswwwfacebookcomev,2016-07-09 21:28
gang,violenc,number,threat,prevent,gang,blacklivesmatt,2016-07-09 21:27
matter,blacklivesmatt,2016-07-09 21:26
someon,matter,blacklivesmatt,tweet,2016-07-09 21:26
delet,anyon,post,antiblm,matter,media,toll,spirit,blacklivesmatt,2016-07-09 21:25
shame,call,racebait,lt,gov,dan,patrick,httpwwwthenewcivilrightsmovementcomshameonhimaustinpolicechiefschoolstexasltgovdanpatrickonblacklivesmatt,blacklivesmatt,2016-07-09 21:24
send,peopl,understand,blacklivesmatt,2016-07-09 21:20
peopl,blacklivesmatt,wave,centuri,movement,2016-07-09 21:20
fact,tweet,fist,emoji,2016-07-09 21:19
blacklivesmatt,2016-07-09 21:17
micah,xavier,johnson,dylann,roof,cri,blood,dylann,riseup,blacklivesmatt,2016-07-09 21:16
palin,blacklivesmatt,farc,httphillcmjugdrlk,2016-07-09 21:16
blacklivesmatt,2016-07-09 21:15
racist,terrorist,anyth,lie,2016-07-09 21:14
collabor,letter,famili,blacklivesmatt,httpswwwwashingtonpostcomnewstheswitchwptheinspiringwayhundredsareteachingtheirfamiliesaboutblacklivesmatt,2016-07-09 21:12
way,la,weekend,blackbookla,httpblkbklacomnewblogway,2016-07-09 21:11
keep,name,blacklivesmatt,2016-07-09 21:11
blacklivesmatt,vs,privileg,gabbi,show,youtub,2016-07-09 21:10
interest,support,busi,pleas,buyblack,blacklivesmatt,2016-07-09 21:10
blacklivesmatt,2016-07-09 21:08
stand,blacklivesmatt,blmchi,byp,stopchicago,2016-07-09 21:06
break,man,httpwwwtheatlanticcompoliticsarchiveblackpolicechiefonthedallasattacksutmsourceatlfb,blacklivesmatt,blm,2016-07-09 21:03
dog,chanc,blacklivesmatt,thank,mate,jr,grover,2016-07-09 21:03
blacklivesmatt,bruhsil,2016-07-09 21:01
blacklivesmatt,2016-07-09 21:01
brixton,right,blacklivesmatt,2016-07-09 21:00
respect,carmeloanthoni,steppin,wake,week,kill,blacklivesmatt,2016-07-09 20:56
blacklivesmatt,2016-07-09 20:55
couldnt,agre,blacklivesmatt,2016-07-09 20:55
thing,get,wors,continu,pull,blacklivesmatt,2016-07-09 20:54
head,alvabraziel,blacklivesmatt,ye,while…,httpswwwinstagramcompbhpmipfhjv,2016-07-09 20:53
beyoncé,yall,ignor,2016-07-09 20:53
carmelo,blacklivesmatt,2016-07-09 20:50
hundr,peopl,blacklivesmatt,ralli,march,birmingham,today,photo,paul,2016-07-09 20:49
today,blacklivesmatt,ralli,2016-07-09 20:49
contribut,list,convers,matter,blacklivesmatt,2016-07-09 20:47
kill,hispan,combin,alllivesmatt,blacklivesmatt,2016-07-09 20:47
sister,brother,atlanta,time,blacklivesmatt,2016-07-09 20:46
stand,fall,anyth,blacklivesmatt,2016-07-09 20:45
blacklivesmatt,2016-07-09 20:44
twitter,blacklivesmatt,2016-07-09 20:43
blacklivesmatt,2016-07-09 20:39
blacklivesmatt,inspir,oppress,peopl,color,worldwid,2016-07-09 20:38
time,blacklivesmatt,randi,rhode,show,clip,httpsyoutubeupvcqpodgg,youtub,2016-07-09 20:37
fact,kill,crime,rate,dont,gap,blacklivesmatt,httpdxdoiorgjournalpon,2016-07-09 20:37
checkout,httppscptvmrasingh,catch,power,birmingham,blacklivesmatt,protest,live,2016-07-09 20:35
hack,dont,toler,form,racism,move,parti,ghopunderground,blacklivesmatt,2016-07-09 20:33
folk,httpbufflyqhalf,alli,blacklivesmatt,policebrut,2016-07-09 20:33
iron,blacklivesmatt,share,concern,dylannobl,alllivesmatt,activist,2016-07-09 20:33
blacklivesmatt,philandocastil,altonsterl,stoptheviol,2016-07-09 20:32
altonsterl,shot,philandocastil,shot,alvabraziel,shot,dylanroof,escort,burger,blacklivesmatt,2016-07-09 20:32
trump,blacklivesmatt,bluelivesmatt,matter,countri,maga,2016-07-09 20:31
stand,blacklivesmatt,philandocastil,2016-07-09 20:31
point,load,gun,group,nut,2016-07-09 20:31
question,2016-07-09 20:28
america,blacklivesmatt,2016-07-09 20:25
blacklivesmatt,blackwomenwin,wmestar,serenawilliam,wimbledon,grandslamwinn,steffigraf,2016-07-09 20:20
support,fact,friend,jaredwyand,blacklivesmatt,cheat,sheet,2016-07-09 20:19
point,part,problem,blacklivesmatt,2016-07-09 20:14
movement,anti,everi,race,2016-07-09 20:13
explain,child,blacklivesmatt,2016-07-09 20:12
khutbah,address,muslim,justic,httpsmfacebookcomstoryphpstoryfbidid,2016-07-09 20:12
probabl,thing,blacklivesmatt,2016-07-09 20:11
continu,brother,sister,blacklivesmatt,alllivesmatt,2016-07-09 20:11
part,solut,famu,care,blacklivesmatt,2016-07-09 20:11
parent,child,friend,need,blacklivesmatt,2016-07-09 20:10
tweet,hate,group,statement,hater,2016-07-09 20:06
blacklivesmatt,donat,contact,rep,sign,help,httptribalyzhoy,2016-07-09 20:05
law,prof,respond,student,anonym,complain,tee,httpboingboingnetalawprofrespondstostudenthtml,2016-07-09 20:02
food,thank,matrix,memer,blacklivesmatt,2016-07-09 20:02
pictur,speak,word,blackliv,blacklivesmatt,2016-07-09 20:02
turn,blacklivesmatt,hero,micah,johnson,bit,trump,alvabraziel,justiceinword,maga,2016-07-09 20:02
blacklivesmatt,2016-07-09 20:01
blacklivesmatt,shot,wound,blm,thug,httpwwwthegatewaypunditcomblacklivesmatterwarcopsleastcopsshotkilledblacklivesmattergoon,2016-07-09 19:57
creat,booklist,school,httpowlyvrfd,2016-07-09 19:54
vs,alllivesmatt,featur,stand,httpbitlywivek,2016-07-09 19:54
thing,help,violenc,httptnvgecouqjwnl,2016-07-09 19:53
support,queen,help,share,blacklivesmatt,httpswwwinstagramcompbhpnrjkdka,2016-07-09 19:50
monday,th,juli,pm,alexandra,park,side,blacklivesmatt,protest,pleas,word,rt,rt,2016-07-09 19:48
blacklivesmatt,shot,matter,crimin,httpsshareslzmm,2016-07-09 19:39
media,cheer,blacklivesmatt,movement,worship,killer,kill,httpwwwbreitbartcombiggovernmentblacklivesmatterpayshomagetomarxistcopkillerateveryeventithold,2016-07-09 19:37
blacklivesmatt,2016-07-09 19:37
blood,crip,solidar,atlanta,blacklivesmatt,protest,httpbitlyyurti,2016-07-09 19:36
blacklivesmatt,vs,alllivesmatt,2016-07-09 19:36
morn,bossip,fam,night,blacklivesmatt,2016-07-09 19:34
dont,blacklivesmatt,2016-07-09 19:34
guy,amaz,blacklivesmatt,2016-07-09 19:32
educ,blacklivesmatt,class,specif,book,principl,school,2016-07-09 19:31
palin,blacklivesmatt,farc,httphillcmiaizfb,2016-07-09 19:31
mani,peac,protest,happen,thursday,night,didnt,httpbitlysqc,blacklivesmatt,2016-07-09 19:31
hundr,gather,support,blacklivesmatt,httpgoogldit,2016-07-09 19:24
rt,choudychoud,guy,protest,mirror……,2016-07-09 19:24
jog,yr,lakebrantley,peac,blacklivesmatt,bei,crane,roost,park,2016-07-09 19:24
blacklivesmatt,2016-07-09 19:24
twitter,symbol,hashtag,blacklivesmatt,guess,support,racist,group,2016-07-09 19:23
academ,lanein,circleswithin,support,blacklivesmatt,2016-07-09 19:23
th,time,week,hour,mainstream,coverag,media,blacklivesmatt,2016-07-09 19:21
blame,death,dalla,cop,httphufftovgbxk,2016-07-09 19:20
atlanta,atlmarch,blacklivesmatt,2016-07-09 19:19
blacklivesmatt,member,racist,racist,racist,arent,interchang,2016-07-09 19:18
peac,snoop,dogg,game,demonstr,headquart,blacklivesmatt,httpcbslocaltomlx,2016-07-09 19:18
aaronmertig,blacklivesmatt,2016-07-09 19:15
theyr,petti,hurt,blacklivesmatt,2016-07-09 19:13
shot,atlmarch,altonsterl,philandocastil,alvabraziel,blacklivesmatt,2016-07-09 19:12
protesta,por,el,asesinato,atlantaprotest,blacklivesmatt,2016-07-09 19:11
blacklivesmatt,2016-07-09 19:10
chrisitan,blacklivesmatt,terrorist,call,love,enemi,arent,love,neighbor,2016-07-09 19:07
palin,blacklivesmatt,farc,httphillcmzcbjj,2016-07-09 19:06
tire,crime,excus,racist,sum,blacklivesmatt,2016-07-09 19:04
yall,whereu,app,locat,busi,everi,blacklivesmatt,2016-07-09 19:03
media,movement,blklivesmatt,aint,till,blacklivesmatt,2016-07-09 19:02
beta,bitch,lead,cop,kill,terror,group,blacklivesmatt,2016-07-09 19:01
peopl,blacklivesmatt,2016-07-09 19:01
blacklivesmatt,2016-07-09 19:00
blacklivesmatt,work,hand,hand,nation,panther,parti,terror,group,dalla,cop,killer,2016-07-09 19:00
power,letter,famili,blacklivesmatt,httpsmmiccomarticlesasianamericanswrotethispowerfullettertosaywhyblacklivesmattertotheirfamiliescemfehkhp,2016-07-09 19:00
arrest,blacklivesmatt,protest,httpowlyadnaych,2016-07-09 18:55
blacklivesmatt,plank,play,thehotelceris,stratfordeast,2016-07-09 18:53
juli,melissaventura,blacklivesmatt,2016-07-09 18:53
blacklivesmatt,theyr,2016-07-09 18:52
blacklivesmatt,2016-07-09 18:52
boss,talk,race,america,httpsmediumcommandelamywhitebosstalkedaboutraceinamericaandthisiswhathappenedfefaaltrxr,blacklivesmatt,tech,2016-07-09 18:50
peac,arizona,blacklivesmatt,thug,hurl,rock,polic,shoot,httpssharesllnyl,gatewaypundit,2016-07-09 18:49
bahama,blacklivesmatt,2016-07-09 18:49
sometim,silenc,crime,speak,blacklivesmatt,2016-07-09 18:46
werent,racism,youd,realiz,blacklivesmatt,fight,end,brutal,win,2016-07-09 18:45
stomach,wake,name,hashtag,alvabraziel,blacklivesmatt,2016-07-09 18:42
activist,journalist,dropbox,folder,wresearch,race,httpswwwdropboxcomshjvrrqpntrvaaawglcxmibuisilujeqama,welcom,2016-07-09 18:41
jai,pa,le,tellement,beau,atlantaprotest,blacklivesmatt,2016-07-09 18:35
dont,tell,blacklivesmatt,hate,group,silent,klan,life,2016-07-09 18:33
blacklivesmatt,blm,2016-07-09 18:33
blacklivesmatt,luck,mccarthyism,2016-07-09 18:30
blacklivesmatt,truli,concern,live,theyd,concern,couldnt,agre,rudi,2016-07-09 18:29
midst,race,war,blacklivesmatt,httpowlyrrj,2016-07-09 18:27
return,street,night,dalla,httpowlydnngi,2016-07-09 18:24
arm,dylann,roof,burger,time,blacklivesmatt,2016-07-09 18:24
thug,point,gun,boo,hoo,time,poster,children,prayforhouston,2016-07-09 18:22
daughter,mourn,marikana,imag,blacklivesmatt,2016-07-09 18:21
vigil,bullr,birmingham,blmbrum,blacklivesmatt,2016-07-09 18:20
blacklivesmatt,blmbrum,blackliv,2016-07-09 18:18
imag,night,peac,ralli,blacklivesmatt,2016-07-09 18:17
turnout,birmingham,death,alton,sterl,philando,castil,blacklivesmatt,2016-07-09 18:12
blacklivesmatt,level,retard,2016-07-09 18:10
juli,juli,altonsterl,juli,philandocastil,juli,piedmontparkhang,juli,alvabraziel,blacklivesmatt,2016-07-09 18:10
juli,juli,altonsterl,juli,philandocastil,juli,piedmontparkhang,juli,alvabraziel,blacklivesmatt,2016-07-09 18:08
peopl,vote,power,blacklivesmatt,2016-07-09 18:07
nonsens,blacklivesmatt,altonsterl,2016-07-09 18:06
tweet,blacklivesmatt,rage,peopl,racism,blacklivesmatt,2016-07-09 18:05
imagin,blacklivesmatt,march,power,statement,2016-07-09 18:04
blood,crip,togeth,blacklivesmatt,protest,httpsmiccomarticlesbloodsandcripsstandtogetherinsolidarityduringatlantablacklivesmatterproteststrwyzlom,2016-07-09 17:59
soul,pray,peac,chang,nomor,blacklivesmatt,2016-07-09 17:59
protestor,michael,jackson,dont,care,london,today,httpsvinecovwipwlnhmj,2016-07-09 17:57
everi,comment,blacklivesmatt,right,org,playbook,2016-07-09 17:56
blacklivesmatt,2016-07-09 17:56
music,cassidylarsini,let,truth,httpyoutubekgcffc,2016-07-09 17:55
specul,dr,martin,king,jr,bc,work,answer,2016-07-09 17:53
blacklivesmatt,2016-07-09 17:51
activist,line,seri,blacklivesmatt,protest,stranger,uk,2016-07-09 17:51
blacklivesmatt,betray,peopl,httpswwwfacebookcomvideophpv,2016-07-09 17:50
googl,twitter,media,support,blacklivesmatt,2016-07-09 17:46
blacklivesmatt,vigil,march,httptnnewsokgad,2016-07-09 17:45
jada,pinkett,smith,brutal,alvabraziel,philandocastil,blacklivesmatt,2016-07-09 17:40
pictur,blacklivesmatt,protest,america,httpowlyqmyzrqh,2016-07-09 17:40
blmbrum,blacklivesmatt,brother,sister,america,2016-07-09 17:38
case,awar,blacklivesmatt,2016-07-09 17:38
realdonaldtrump,blacklivesmatt,stop,inject,poison,intoler,countri,2016-07-09 17:37
dont,choos,support,dalla,hate,root,problem,support,love,2016-07-09 17:34
use,caution,world,2016-07-09 17:29
chalk,art,sidewalk,mansion,philadocastil,blacklivesmatt,2016-07-09 17:25
blacklivesmatt,2016-07-09 17:23
someon,blacklivesmatt,privileg,whiteprivileg,2016-07-09 17:21
sheriff,clark,slam,hillari,pander,church,way,httpgoogljkth,bluelivesmatt,blacklivesmatt,blm,2016-07-09 17:09
hack,messag,leader,reveal,admin,plan,summer,law,httpwwwdcclotheslinecomhackedmessagesofblacklivesmatterleaderrevealobamaadminsplanforsummerofchaosandmartiallaw,2016-07-09 17:07
time,religi,peopl,turn,maggieardient,blacklivesmatt,2016-07-09 17:06
man,pull,gun,blacklivesmatt,protest,portland,watch,httphillcmsejx,2016-07-09 17:06
juli,juli,altonsterl,juli,philandocastil,juli,piedmontparkhang,juli,alvabraziel,blacklivesmatt,2016-07-09 17:05
seri,dreamdefend,blacklivesmatt,2016-07-09 17:01
media,histori,2016-07-09 17:00
blacklivesmatt,heidimp,2016-07-09 16:52
blacklivesmatt,protest,gather,birmingham,uk,2016-07-09 16:52
middl,gaza,syria,tens,msia,plate,raya,wut,2016-07-09 16:51
yesterday,amaz,blacklivesmatt,2016-07-09 16:50
atlanta,carretera,bloqueada,protesta,por,asesinato,altonsterl,2016-07-09 16:48
blacklivesmatt,protest,birmingham,uk,2016-07-09 16:47
time,america,blacklivesmatt,2016-07-09 16:47
therel,march,today,oxford,circu,spread,word,2016-07-09 16:45
arrest,blacklivesmatt,protest,rochest,httpowlydncnyx,2016-07-09 16:42
blacklivesmatt,titl,silenc,yafhet,2016-07-09 16:38
birmingham,support,movement,blacklivesmatt,2016-07-09 16:38
man,point,gun,cop,man,fact,trend,joke,blacklivesmatt,prayforhouston,2016-07-09 16:31
blacklivesmatt,twit,defianc,get,peopl,disobey,law,order,httpwwwlatimescomnationlanasandrablandarrestexpertsstoryhtml,2016-07-09 16:28
bristolstandup,blacklivesmatt,solidar,march,detail,tbc,spread,word,rt,2016-07-09 16:28
coupl,grass,sun,rise,th,day,blacklivesmatt,2016-07-09 16:27
need,iron,fist,restor,law,order,countri,hillari,blacklivesmatt,law,2016-07-09 16:26
houston,polic,kill,chest,assum,gun,stop,blacklivesmatt,2016-07-09 16:14
altonsterl,philandocastil,life,dalla,blacklivesmatt,2016-07-09 16:09
dont,blame,dallaspoliceshoot,blame,teaparti,conserv,everyth,2016-07-09 16:07
shock,scene,founder,right,kill,shame,blacklivesmatt,2016-07-09 16:06
poison,blacklivesmatt,2016-07-09 15:55
freddiegray,blacklivesmatt,2016-07-09 15:55
sorri,couldnt,matter,march,butveri,blacklivesmatt,httpmetrocoukblacklivesmatterlondonstandsinsolidaritywiththeusaftertwoblackmenwereshotbypolic,2016-07-09 15:53
guy,protest,mirror,2016-07-09 15:50
number,blacklivesmatt,everywher,2016-07-09 15:50
blacklivesmatt,offic,yesterday,matter,matter,justic,2016-07-09 15:47
lead,chant,night,march,leadership,cop,2016-07-09 15:46
phoenix,polic,ga,blacklivesmatt,ralli,photo,video,httponrtcomiao,2016-07-09 15:43
protestor,absolut,shut,road,tax,blacklivesmatt,2016-07-09 15:42
blacklivesmatt,matter,yesterday,today,tomorrow,day,question,matter,2016-07-09 15:42
refut,idea,movement,justic,rmfoxford,blacklivesmatt,speech,httpbitlytibt,2016-07-09 15:32
blacklivesmatt,2016-07-09 15:30
blacklivesmatt,2016-07-09 15:26
moment,autumn,rain,blacklivesmatt,2016-07-09 15:22
friend,let,blacklivesmatt,httpfbmeqhdh,2016-07-09 15:17
poverti,peopl,blacklivesmatt,2016-07-09 15:17
london,protest,httptribalzwzyel,2016-07-09 15:16
racism,gun,diseas,nation,peopl,blacklivesmatt,2016-07-09 15:12
face,wet,horrifi,believ,alvabraziel,blacklivesmatt,2016-07-09 15:09
blacklivesmatt,blacklivesmatt,blacklivesmatt,blacklivesmatt,blacklivesmatt,blacklivesmatt,blacklivesmatt,2016-07-09 15:08
im,tire,wake,brother,hand,prayforhouston,blacklivesmatt,2016-07-09 15:06
im,case,quit,comprehend,blacklivesmatt,2016-07-09 15:05
im,threat,break,blacklivesmatt,2016-07-09 15:03
jess,glynn,grief,silenc,blacklivesmatt,accid,httpwwwdanielledashcomaquickreadjessglynn,2016-07-09 15:02
therel,march,today,oxford,circu,spread,word,2016-07-09 14:59
professor,tshirt,student,complain,respons,httpimgurcomaykdvq,2016-07-09 14:57
solidar,famili,alton,sterl,victim,racist,violenc,blacklivesmatt,2016-07-09 14:50
stand,togeth,2016-07-09 14:49
respond,philandocastil,murder,name,blacknam,teamdl,2016-07-09 14:43
name,blacklivesmatt,houstonshoot,2016-07-09 14:42
man,shotthi,time,time,houston,gun,alvabraziel,blacklivesmatt,2016-07-09 14:41
word,man,time,houston,tx,gun,blacklivesmatt,2016-07-09 14:41
student,complain,professor,tshirt,respons,httpmimgurcomaykdvq,2016-07-09 14:39
polic,man,dog,tri,protect,owner,men,dog,blacklivesmatt,2016-07-09 14:35
take,place,today,citi,centr,pm,httpbitlynvcca,2016-07-09 14:35
london,protest,httptribalcxlfln,2016-07-09 14:29
time,silenc,consent,blacklivesmatt,2016-07-09 14:27
blacklivesmatt,2016-07-09 14:26
im,seeinghear,peopl,houstonshoot,blacklivesmatt,altonsterl,philandocastil,2016-07-09 14:23
retweet,blacklivesmatt,2016-07-09 14:22
book,blacklivesmatt,2016-07-09 14:21
chronicl,blacklivesmatt,httpiftttoyd,2016-07-09 14:21
blacklivesmatt,solidar,2016-07-09 14:20
beyoncé,perform,freedom,glasgow,brutal,blacklivesmatt,2016-07-09 14:19
experi,focu,caus,blacklivesmatt,2016-07-09 14:17
peopl,let,alon,blacklivesmatt,2016-07-09 14:15
cop,shot,rip,alvabraziel,blacklivesmatt,altonsterl,philandocastil,2016-07-09 14:14
blacklivesmatt,2016-07-09 14:13
person,someon,els,life,import,blacklivesmatt,2016-07-09 14:10
london,stand,bei,oxford,street,2016-07-09 14:06
matter,march,brixton,today,circu,tomorrow,httpwwwbbccouknewsukenglandlondon,prayeract,blacklivesmatt,2016-07-09 14:03
blame,death,dalla,cop,httphufftoaosq,2016-07-09 14:02
blacklivesmatt,london,demonstr,plan,weekend,httplbccospew,2016-07-09 14:01
wait,didnt,washingtonpost,bfung,love,blacklivesmatt,2016-07-09 14:00
london,show,amaz,shot,2016-07-09 13:53
post,put,word,blacklivesmatt,2016-07-09 13:53
music,artist,pleas,blacklivesmatt,music,speak,gun,violenc,peopl,2016-07-09 13:51
chang,structur,system,end,rage,blackonblack,violenc,murder,blacklivesmatt,2016-07-09 13:45
cole,gon,look,blacklivesmatt,2016-07-09 13:42
heartwarm,see,peopl,differ,life,yinkabokinni,blacklivesmatt,2016-07-09 13:35
sign,london,blacklivesmatt,2016-07-09 13:32
consid,fact,genet,origin,blacklivesmatt,2016-07-09 13:30
traffic,light,blacklivesmatt,2016-07-09 13:29
rien,rajout,il,dit,blacklivesmatt,2016-07-09 13:27
photo,galleri,blacklivesmatt,protest,spread,america,httpowlyjhumrmi,2016-07-09 13:25
brock,turner,month,rape,bc,prison,els,casket,blacklivesmatt,2016-07-09 13:23
coulda,yesterday,blacklivesmatt,ju,look,pic,2016-07-09 13:21
name,blacklivesmatt,2016-07-09 13:15
blacklivesmatt,nigga,2016-07-09 13:14
divers,dnt,support,movement,blacklivesmatt,2016-07-09 13:09
peopl,profit,inhuman,prison,labor,blacklivesmatt,blm,dmvprotest,2016-07-09 13:07
blacklivesmatt,2016-07-09 13:06
artist,geazi,blacklivesmatt,racist,cop,2016-07-09 13:06
news,speak,blacklivesmatt,2016-07-09 13:04
peac,blacklivesmatt,2016-07-09 13:04
feminist,femin,woc,immigr,refuge,racism,blacklivesmatt,2016-07-09 13:04
anchorag,tonight,blacklivesmatt,2016-07-09 12:59
mtv,sc,speak,blacklivesmatt,proud,use,platform,bring,awar,2016-07-09 12:55
blacklivesmatt,protestor,offic,life,httpbbcinoslp,2016-07-09 12:54
chain,brought,use,countri,today,reason,blacklivesmatt,2016-07-09 12:50
matter,time,ignor,blacklivesmatt,2016-07-09 12:48
blacklivesmatt,caus,isnt,brutal,antimurd,2016-07-09 12:45
blacklivesmatt,2016-07-09 12:44
mani,peac,non,vulgar,sign,today,show,blacklivesmatt,2016-07-09 12:43
pass,bill,lion,hunt,murder,year,blacklivesmatt,2016-07-09 12:40
hand,dont,shoot,phoenixr,blacklivesmatt,2016-07-09 12:38
want,use,photographi,speak,fav,blacklivesmatt,2016-07-09 12:35
rage,week,boom,blacklivesmatt,protest,music,httptheatlntcbahha,2016-07-09 12:34
fight,phoenixr,handsupdontshoot,blacklivesmatt,2016-07-09 12:34
2016-07-09 12:32
man,pull,gun,blacklivesmatt,protest,portland,watch,httphillcmfpcwam,2016-07-09 12:31
issu,men,activist,blacklivesmatt,2016-07-09 12:28
see,acknowledg,blacklivesmatt,asiansblackl,ht,2016-07-09 12:25
profit,privat,prison,labor,boycott,blacklivesmatt,blm,dmvprotest,dmvprotest,2016-07-09 12:25
blacklivesmatt,terror,rnrmaryland,2016-07-09 12:25
fact,blacklivesmatt,2016-07-09 12:24
today,francisco,blacklivesmatt,2016-07-09 12:23
blacklivesmatt,femin,alllivesmatt,2016-07-09 12:21
blacklivesmatt,vs,alllivesmatt,perfectli,2016-07-09 12:20
latino,week,brownlivesmatt,httpwwwtelesurtvnetenglishnewslatinoskilledbyuscopsthisweekandmediaignoredithtml,2016-07-09 12:14
blacklivesmatt,2016-07-09 12:11
ppl,yellingflip,experi,blacklivesmatt,2016-07-09 12:11
block,blacklivesmatt,2016-07-09 12:10
point,spectacularli,2016-07-09 12:08
realli,woman,protestor,blacklivesmatt,2016-07-09 12:05
mom,watch,tv,pepper,spray,line,hand,peac,2016-07-09 12:05
com,jewel,facebook,dont,understand,thisisgold,blacklivesmatt,2016-07-09 12:04
let,men,internet,deter,death,throe,supremaci,2016-07-09 12:02
fact,blacklivesmatt,2016-07-09 12:02
tonight,phoenix,peac,protest,blacklivesmatt,racist,coward,thank,god,gun,shot,2016-07-09 11:58
im,shock,mani,friendsfam,see,work,get,thank,blacklivesmatt,2016-07-09 11:56
import,blacklivesmatt,2016-07-09 11:55
phoenixr,blacklivesmatt,2016-07-09 11:51
cant,matter,blacklivesmatt,2016-07-09 11:51
easi,feel,cultur,chang,fought,blacklivesmatt,work,fight,2016-07-09 11:49
princ,truth,blacklivesmatt,reliev,stress,art,2016-07-09 11:47
ask,mi,im,scream,blacklivesmatt,2016-07-09 11:46
hey,report,fool,school,univers,fall,fall,2016-07-09 11:43
blacklivesmatt,ralli,today,love,2016-07-09 11:41
blacklivesmatt,2016-07-09 11:41
blame,death,dalla,cop,httphufftozrqx,2016-07-09 11:41
yesterday,absolut,amaz,energi,love,blacklivesmatteruk,blacklivesmatt,2016-07-09 11:41
pacif,island,blacklivesmatt,2016-07-09 11:40
man,blacklivesmatt,2016-07-09 11:39
night,everyon,rememb,blacklivesmatt,httpyoutubeeirucmad,2016-07-09 11:39
phoenixr,blacklivesmatt,pt,2016-07-09 11:38
hit,blacklivesmatt,2016-07-09 11:38
blacklivesmatt,valu,remain,assault,america,2016-07-09 11:37
thehilldotcom,candlelight,vigil,2016-07-09 11:36
imag,tonight,blacklivesmatt,peac,protest,sanfrancisco,2016-07-09 11:35
la,show,blacklivesmatt,2016-07-09 11:35
blacklivesmatt,alllivesmatt,import,rememb,nohashtagsmatt,2016-07-09 11:32
man,piedmont,park,blacklivesmatt,protest…,httpbipartisanreportblackmanfoundhanginginatlantaspiedmontparkasblacklivesmatterprotestacrosscountri,2016-07-09 11:30
phoenixr,blacklivesmatt,2016-07-09 11:28
peopl,hate,jesu,watch,video,httpsyoutubeqcpldhmc,blacklivesmatt,2016-07-09 11:21
wisconsin,overpass,light,brigad,step,blacklivesmatt,2016-07-09 11:19
blacklivesmatt,2016-07-09 11:18
heartbreak,terrifi,realiti,america,blacklivesmatt,2016-07-09 11:18
blacklivesmatt,ralli,sacramento,state,capitol,organ,friend,colleg,student,bei,california,state,capitol,build,2016-07-09 11:15
peac,ralli,let,peopl,phoenixr,blacklivesmatt,2016-07-09 11:12
look,racism,blacklivesmatt,2016-07-09 11:12
sht,today,human,compass,slain,workin,march,2016-07-09 11:11
ye,alllivesmatt,blacklivesmatt,becom,racist,cult,campaign,kafir,2016-07-09 11:09
import,beauti,blacklivesmatt,2016-07-09 11:09
person,colour,im,gon,na,blacklivesmatt,2016-07-09 11:08
blacklivesmatt,london,bbclondonnew,altonsterl,2016-07-09 11:07
crime,smh,blacklivesmatt,2016-07-09 11:07
matter,photographi,atlmarch,blacklivesmatt,atlisreadi,2016-07-09 11:06
mayb,piec,omariakil,help,gamer,blacklivesmatt,httpsmediumcommobilelifestylewarningpokemongoisadeathsentenceifyouareablackmanacacbbdaefsourcetwittersharecddeb,2016-07-09 11:05
blacklivesmatt,downtown,phoenix,2016-07-09 11:05
peopl,arrest,atlantaprotest,blacklivesmatt,2016-07-09 11:03
blacklivesmatt,care,kind,strang,dont,care,2016-07-09 11:02
artist,show,wake,brutal,httphufftoclatd,2016-07-09 11:02
none,prayer,blacklivesmatt,2016-07-09 11:00
action,blacklivesmatt,2016-07-09 10:59
blacklivesmatt,2016-07-09 10:56
crazi,atlanta,blacklivesmatt,atlisreadi,2016-07-09 10:54
success,night,blacklivesmatt,2016-07-09 10:53
peac,blacklivesmatt,2016-07-09 10:53
godream,amerikkka,blacklivesmatt,troll,2016-07-09 10:51
work,son,lot,today,thank,god,blacklivesmatt,2016-07-09 10:49
blacklivesmatt,2016-07-09 10:46
blacklivesmatt,2016-07-09 10:43
deploy,tear,ga,phoenix,blacklivesmatt,phoenixr,atlantaprotest,2016-07-09 10:40
poetri,creat,blacklivesmatt,2016-07-09 10:39
im,apolog,feel,shit,fuck,blacklivesmatt,2016-07-09 10:39
blacklivesstillmatt,blacklivesmatt,alaska,2016-07-09 10:38
handsupdontshoot,ontario,2016-07-09 10:38
fact,blacklivesmatt,2016-07-09 10:35
racism,heart,break,love,everyon,love,stranger,heart,growup,2016-07-09 10:34
wiedenkennedi,websit,blacklivesmatt,httpbitlyoygt,2016-07-09 10:32
blacklivesmatt,2016-07-09 10:31
shoutout,twitter,blacklivesmatt,emoji,2016-07-09 10:30
blacklivesmatt,nashvil,2016-07-09 10:25
blacklivesmatt,2016-07-09 10:25
shame,beyonc,super,bowl,platform,glamor,racist,violent,blacklivesmatt,2016-07-09 10:24
queengela,rye,wig,pit,hell,blacklivesmatt,httpsamptwimgcomvcaafceaead,2016-07-09 10:24
downtown,blacklivesmatt,2016-07-09 10:23
today,unit,today,peac,today,blacklivesmatt,2016-07-09 10:23
night,im,choos,research,get,blacklivesmatt,movement,2016-07-09 10:22
blacklivesmatt,2016-07-09 10:21
blacklivesmatt,alaska,way,2016-07-09 10:21
turn,phoenix,thank,progress,place,2016-07-09 10:17
work,night,blacklivesmatt,nephew,2016-07-09 10:16
activist,way,phx,head,shut,2016-07-09 10:15
philandocastil,gf,smoke,blunt,car,yo,julyth,blacklivesmatt,2016-07-09 10:14
crip,blood,unit,blacklivesmatt,2016-07-09 10:13
philandocastil,gf,smoke,blunt,car,yo,blacklivesmatt,tcothttpsamptwimgcomvbdebbaaf,2016-07-09 10:13
blacklivesmatt,2016-07-09 10:12
blacklivesmatt,2016-07-09 10:12
blacklivesmatt,2016-07-09 10:11
blacklivesmatt,2016-07-09 10:10
matter,protest,portland,oregon,blacklivesmatt,philandocastil,2016-07-09 10:09
detroit,mani,beauti,peopl,blacklivesmatt,detroit,2016-07-09 10:09
scene,anchorag,blacklivesmatt,protest,bei,mall,sear,2016-07-09 10:07
threaten,2016-07-09 10:06
elysenicolett,periscop,arizona,blacklivesmatt,httpswwwpscptvwaklmdfnvvabnwxzfyllmujkrlyexdbcfllwmavvelqewcyrctgijbtoubyjcznbbrtotgmtli,2016-07-09 10:06
stand,sheriffclark,condemn,blacklivesmatt,alllivesmatt,2016-07-09 10:04
favorit,poster,pleas,ladi,photo,blacklivesmatt,2016-07-09 10:04
realli,sarahpalin,blacklivesmatt,violenc,side,movement,total,purpos,2016-07-09 10:01
hand,dont,shoot,blacklivesmatt,2016-07-09 10:01
blacklivesmatt,2016-07-09 10:00
blacklivesmatt,vigil,march,httptnnewsvnfi,2016-07-09 10:00
crowdsourc,letter,blacklivesmatt,famili,httptnwmewxggni,2016-07-09 09:58
blacklivesmatt,atlantaprotest,2016-07-09 09:56
blacklivesmatt,pray,2016-07-09 09:56
blacklivesmatt,2016-07-09 09:56
song,da,world,drop,tomorrow,blacklivesmatt,standforsometh,2016-07-09 09:56
thing,cousin,oscar,grant,kill,offic,blacklivesmatt,2016-07-09 09:55
blacklivesmatt,protest,sacramento,today,2016-07-09 09:55
ralli,blacklivesmatt,lee,circl,httpgooglxpkbu,2016-07-09 09:53
shoutout,citi,show,show,pc,2016-07-09 09:52
thank,blacklivesmatt,2016-07-09 09:51
alllivesmatt,2016-07-09 09:51
blacklivesmatt,ralli,push,union,street,2016-07-09 09:50
thank,someon,stand,blacklivesmatt,2016-07-09 09:49
need,condemn,movement,httpwwwtheblazecomstoriessheriffdavidclarkeamericansneedtocondemnandshuntheblacklivesmattermov,2016-07-09 09:48
blacklivesmatt,beauti,pov,2016-07-09 09:48
sight,sound,protest,blacklivesmatt,atlisreadi,atlprotest,2016-07-09 09:47
brother,sister,march,phoenixr,wish,caus,2016-07-09 09:47
blacklivesmatt,predict,2016-07-09 09:42
vs,matter,2016-07-09 09:42
dalla,polic,chief,son,brother,partner,blacklivesmatt,notmeu,2016-07-09 09:39
thehilldotcom,candlelight,vigil,2016-07-09 09:36
blacklivesmatt,2016-07-09 09:34
blacklivesmatt,blacklivesmatterdc,2016-07-09 09:33
stand,solidar,blacklivesmatt,weekend,la,httplaistcomblacklivesmatterprotestsinlaphp,2016-07-09 09:30
hbcu,face,tragedi,bsu,2016-07-09 09:29
blacklivesmatt,2016-07-09 09:29
share,life,shld,censor,blacklivesmatt,2016-07-09 09:29
blacklivesmatt,2016-07-09 09:28
blacklivesmatt,poetri,support,brother,jaiireynold,amberscloset,2016-07-09 09:26
peopl,nashvil,blacklivesmatt,2016-07-09 09:23
gon,blacklivesmatt,blacklivesstillmatt,2016-07-09 09:22
hundr,downtown,blacklivesmatt,march,phx,citi,hall,2016-07-09 09:19
solidar,citi,atl,blacklivesmatt,httpswwwinstagramcompbhoesyasc,2016-07-09 09:18
blacklivesmatt,work,islamist,group,httptsecnetworkcablacklivesmatterworkingwithislamistgroupincanada,blmnation,see,side,fascist,2016-07-09 09:18
understand,murder,polic,peopl,disabl,blacklivesmatt,disabilitysolidar,2016-07-09 09:17
news,coverag,mobil,pleasur,prove,2016-07-09 09:17
law,school,professor,goat,entitl,st,year,law,student,tryna,blacklivesmatt,httpimgurcomaykdvq,2016-07-09 09:15
matter,treat,matter,blacklivesmatt,2016-07-09 09:12
matter,havent,target,countri,centuri,bc,skin,color,sooo,blacklivesmatt,2016-07-09 09:12
produc,sympathet,fist,emoji,thingi,courag,2016-07-09 09:11
blacklivesmatt,blacklifematt,httpsvintageblackfolkwordpresscomthcenturyportrait,2016-07-09 09:11
mani,peopl,nashvil,show,support,alton,sterl,blacklivesmatt,movement,2016-07-09 09:11
peac,blacklivesmatt,protest,detroit,tonight,2016-07-09 09:10
stop,smear,campaign,victim,blacklivesmatt,httpprogressivearmycomstopsmearcampaignsvictimspolicebrut,progressivearmi,2016-07-09 09:08
background,check,crimin,improv,requir,sale,blacklivesmatt,2016-07-09 09:07
highway,altonsterl,blacklivesmatt,2016-07-09 09:06
hand,dont,shoot,blacklivesmatt,2016-07-09 09:05
divers,outsid,blmla,event,becam,ralli,world,chang,blacklivesmatt,2016-07-09 09:05
speak,blacklivesmatt,movement,dont,care,care,power,2016-07-09 09:04
peac,blacklivesmatt,2016-07-09 09:04
respons,murder,blacklivesmatt,2016-07-09 09:02
blacklivesmatt,protest,detroit,chant,power,peopl,2016-07-09 09:01
matter,blacklivesmatt,2016-07-09 09:01
blacklivesmatt,protest,unit,fall,2016-07-09 09:00
kim,blacklivesmatt,hashtag,httpusmagatvv,2016-07-09 09:00
bluelivesmatt,blacklivesmatt,distract,eye,2016-07-09 08:58
today,rock,arkansa,blacklivesmatt,2016-07-09 08:58
result,support,dallaspd,lakelandpd,fbi,dh,dalla,2016-07-09 08:57
pleas,share,muchrespect,blacklivesstillmatt,blacklivesmatt,2016-07-09 08:55
phoenixr,blacklivesmatt,2016-07-09 08:55
hope,bluelivesmatt,2016-07-09 08:53
god,bless,protest,tonight,blacklivesmatt,compass,hope,futur,fill,2016-07-09 08:52
prayforamerica,blacklivesmatt,bluelivesmatt,whitelivesmatt,tonight,america,2016-07-09 08:51
night,ongo,protest,justic,philandocastil,thruout,blacklivesmatt,2016-07-09 08:50
creat,histori,tonight,atlantaprotest,blacklivesmatt,2016-07-09 08:49
son,messag,blacklivesmatt,2016-07-09 08:49
blacklivesmatt,2016-07-09 08:49
stop,hatr,choos,peac,atlmarch,blacklivesmatt,2016-07-09 08:48
blacklivesmatt,murder,jacket,2016-07-09 08:47
blacklivesmatt,blacklifematt,httpsvintageblackfolkwordpresscomthcenturyportrait,2016-07-09 08:47
hour,hundr,peopl,violenc,peac,protest,protestoma,blacklivesmatt,2016-07-09 08:46
gang,peopl,cop,support,blacklivesmatt,sens,2016-07-09 08:45
fuck,love,citi,frfr,atlmarch,blacklivesmatt,2016-07-09 08:45
tension,blacklivesmatt,protest,phoenix,2016-07-09 08:45
blacklivesmatt,bluelivesmatt,alllivesmatt,tcot,2016-07-09 08:45
ideolog,destroy,support,copkil,2016-07-09 08:44
everyon,poem,2016-07-09 08:43
alllivesmatt,group,show,stand,2016-07-09 08:43
view,blacklivesmatt,protest,crowd,outsid,sf,citi,2016-07-09 08:42
latino,need,space,blacklivesmatt,creat,space,2016-07-09 08:41
cours,girl,meet,world,fandom,trend,joshayaisdeadparti,blacklivesmatt,2016-07-09 08:41
success,day,way,work,blacklivesmatt,2016-07-09 08:40
blacklivesmatt,blackfriday,gon,2016-07-09 08:39
sf,citi,hall,arriv,blacklivesmatt,approach,quickli,2016-07-09 08:36
thehilldotcom,candlelight,vigil,2016-07-09 08:36
watch,apd,art,acevedo,lt,gov,dan,patrick,comment,httpatxnewsobovq,2016-07-09 08:35
blacklivesmatt,wearese,2016-07-09 08:34
chant,blacklivesmatt,approach,sf,hall,altonsterl,2016-07-09 08:34
repost,httpwwwbostonglobecomopinionthemessageblacklivesmatterepjifudbeshyxgthjkmstoryhtmleventev,bostonglob,2016-07-09 08:33
amaz,part,blacklivesmatt,2016-07-09 08:32
gang,columbu,georgia,togeth,2016-07-09 08:32
photo,children,protest,lee,circl,amaz,kudo,2016-07-09 08:31
men,group,peopl,blacklivesmatt,2016-07-09 08:31
line,im,gon,life,polic,blacklivesmatt,2016-07-09 08:31
march,atl,peopl,age,color,demand,blacklivesmatt,2016-07-09 08:30
sarah,palin,believ,blacklivesmatt,media,blood,hand,httpwashexamnzbt,2016-07-09 08:30
orang,endgunviol,rainbow,dalla,blacklivesmatt,2016-07-09 08:30
debramess,group,world,safer,loudli,support,cop,2016-07-09 08:30
blacklivesmatt,2016-07-09 08:29
thank,bring,intersection,speak,blacklivesmatt,queer,woman,voic,2016-07-09 08:29
look,cnn,tonight,tv,blacklivesmatt,2016-07-09 08:29
show,moment,togeth,blacklivesmatt,2016-07-09 08:29
hand,dont,shoot,blacklivesmatt,httpsvinecovwhvtmtmq,2016-07-09 08:28
blacklivesmatt,protest,post,add,2016-07-09 08:27
tfw,blacklivesmatt,target,cnn,report,httpwwwmediaitecomonlinethousandsofatlantaprotestersgatheroutsidecnnheadquart,2016-07-09 08:25
favorit,pictur,blacklivesmatt,2016-07-09 08:23
pass,individu,blacklivesmatt,way,combat,racism,murder,2016-07-09 08:23
pt,mani,httpswaggyspeaksblogspotcom,blacklivesmatt,2016-07-09 08:21
sit,bit,market,2016-07-09 08:20
blacklivesmatt,2016-07-09 08:20
retweet,media,wont,adequ,blacklivesmatt,2016-07-09 08:20
cenkuygur,rain,doesnt,fuck,tree,blacklivesmatt,tytliv,2016-07-09 08:20
histori,blacklivesmatt,2016-07-09 08:20
coupl,pictur,today,march,atlanta,blacklivesmatt,2016-07-09 08:20
blacklivesmatt,2016-07-09 08:19
blacklivesmatt,micahjohnson,ripaltonsterl,philandocastil,thecoreyholcomb,zowilliam,2016-07-09 08:19
march,vigil,saturday,httpwwwkvoacomstoryblacklivesmattermarchvigilsetfordowntowntucsonsaturdayutmmediumsocialutmsourcetwitterkvoa,2016-07-09 08:19
sane,support,movement,condon,psychopath,slaughter,offic,dalla,2016-07-09 08:19
latinx,letter,famili,dm,yr,email,blacklivesmatt,httpsmediumcomjoseiswritingdearmomdaduncleauntieblacklivesmattertoustoocbdaecbghzfecf,2016-07-09 08:16
ppl,dont,care,blacklivesmatt,tri,2016-07-09 08:15
blackpow,blacklivesmatt,2016-07-09 08:15
massiv,sitin,marketpowel,sf,blacklivesmatt,protest,read,name,peopl,2016-07-09 08:15
activist,thank,dalla,copkil,twitter,httpwwwbreitbartcomtexasblacklivesmatteractivistthanksdallascopkillerontwitt,2016-07-09 08:14
blacklivesmatt,altonsterl,philandocastil,march,outsid,francisco,centr,2016-07-09 08:13
law,professor,student,racist,blacklivesmatt,httpimgurcomaykdvq,ht,chrisalexand,2016-07-09 08:13
togeth,blacklivesmatt,photo,2016-07-09 08:12
rt,pic,atlantaprotest,blacklivesmatt,2016-07-09 08:12
hundr,march,support,ri,station,end,davenport,station,2016-07-09 08:12
funni,video,wont,use,platform,speak,smh,ventlif,blacklivesmatt,2016-07-09 08:12
spell,mistak,im,sorri,haha,blacklivesmatt,2016-07-09 08:11
fight,fight,blacklivesmatt,2016-07-09 08:10
thehilldotcom,candlelight,vigil,2016-07-09 08:10
gun,peac,protest,aww,man,pussi,blacklivesmatt,2016-07-09 08:09
stop,traffic,voic,atlisreadi,blacklivesmatt,2016-07-09 08:09
atlanta,blacklivesmatt,2016-07-09 08:08
amaz,peac,hand,dont,shoot,blacklivesmatt,2016-07-09 08:08
note,school,philandocastil,work,blacklivesmatt,2016-07-09 08:07
fuck,discrimin,kind,group,consid,blacklivesmatt,2016-07-09 08:06
moment,autumn,rain,blacklivesmatt,2016-07-09 08:05
protest,detroit,street,blacklivesmatt,hand,dont,shoot,2016-07-09 08:04
peac,march,downtown,detroit,blackfriday,bei,campu,martiu,park,2016-07-09 08:03
blacklivesmatt,terror,fbi,2016-07-09 08:02
solidar,brownforblackl,blacklivesmatt,altonsterl,philandrocastil,sanfrancisco,2016-07-09 08:02
dr,freeway,mayorkasimre,atlisreadi,blacklivesmatt,2016-07-09 08:02
creat,power,blacklivesmatt,2016-07-09 08:02
rip,dylannobl,blacklivesmatt,2016-07-09 08:01
thank,marlonjam,blacklivesmatt,2016-07-09 08:01
song,altonsterl,philandocastil,hunt,pulseshoot,dallaspoliceshoot,blacklivesmatt,httpsyoutubeeirucmad,2016-07-09 08:01
fifthharmoni,chica,stick,laurenjauregui,blacklivesmatt,httpwwwlatinacomentertainmentbuzzfifthharmonynormanikordeilaurenjaureguipolicekillingsrespons,2016-07-09 08:00
march,ontario,mill,moment,blacklivesmatt,2016-07-09 07:59
talk,dr,king,wasnt,vilifi,wouldnt,vilifi,today,book,2016-07-09 07:59
love,citi,day,peac,blacklivesmatt,2016-07-09 07:58
break,movement,peopl,dobba,embarcadero,protest,2016-07-09 07:58
blacklivesmatt,fist,emoji,dalla,cop,massacr,2016-07-09 07:57
blacklivesmatt,atlisreadi,atlanta,job,today,2016-07-09 07:57
peac,blacklivesmatt,protest,slideshow,httpbitlyvxws,2016-07-09 07:56
part,hashtag,altonsterl,blacklivesmatt,philandocastil,2016-07-09 07:55
